CHR,SNP,BP,A1,A2,weight
1,rs148481786,10364260,G,A,1
1,rs149479567,10725469,A,G,1
1,rs149797505,113638635,G,A,1
1,rs72994458,115262319,G,A,1
1,rs12093834,117568500,A,G,1
1,rs6685906,118504265,T,G,1
1,rs3790549,119575818,G,C,1
1,rs140014891,120384066,C,T,1
1,rs111819661,1222958,C,T,1
1,rs141809370,1289863,A,C,1
1,rs2940315,13802373,G,A,1
1,rs6673156,14579733,G,A,1
1,rs11204697,150658971,C,T,1
1,rs2230061,150727539,G,A,1
1,rs12410869,150856153,G,T,1
1,rs35817752,151115007,A,G,1
1,rs28372941,151288698,C,A,1
1,rs2515663,152085505,A,C,1
1,rs144707063,152284213,A,G,1
1,rs4537545,154418879,T,C,1
1,rs4129267,154426264,T,C,1
1,rs2228145,154426970,C,A,1
1,rs12023499,155031376,T,C,1
1,rs11589479,155033308,G,A,1
1,rs17723260,155058663,A,G,1
1,rs114708813,155106439,A,G,1
1,rs12904,155106697,A,G,1
1,rs4072037,155162067,T,C,1
1,rs138543887,155170391,T,C,1
1,rs61755431,155260382,C,T,1
1,rs8177988,155261649,T,C,1
1,rs116100695,155261709,G,A,1
1,rs146504521,155746245,C,G,1
1,rs34372695,156030037,T,C,1
1,rs56280074,156237971,A,C,1
1,rs1570805,156264648,C,T,1
1,rs61736987,157067660,G,A,1
1,rs61730132,157069134,A,G,1
1,rs41273499,158532614,A,G,1
1,rs34973695,158612756,A,G,1
1,rs148953771,158813081,C,T,1
1,rs34599082,159175494,T,C,1
1,rs4133289,159453937,T,C,1
1,rs35393723,159505101,A,G,1
1,rs116776267,159683856,A,G,1
1,rs146860131,160121885,C,A,1
1,rs10800309,161472158,A,G,1
1,rs141182991,16256621,G,C,1
1,rs848210,16259813,A,G,1
1,rs872222,16344664,A,G,1
1,rs6660565,171261193,G,A,1
1,rs117552597,173616057,A,G,1
1,rs2901785,174104743,G,A,1
1,rs13376513,174951749,T,C,1
1,rs116333252,175130119,C,T,1
1,rs140750531,17567149,G,A,1
1,rs10913300,177193408,G,A,1
1,rs13306731,179320578,G,A,1
1,rs78908040,184863330,G,A,1
1,rs2295950,185175837,A,C,1
1,rs2273779,186273994,C,T,1
1,rs3753565,186316488,T,C,1
1,rs61744267,186321242,C,T,1
1,rs3820011,1888193,C,A,1
1,rs186558947,19236932,C,T,1
1,rs141348662,197059211,G,A,1
1,rs2816949,199997778,G,A,1
1,rs149815205,201196322,A,C,1
1,rs1541185,20141528,C,T,1
1,rs4252716,204511924,T,C,1
1,rs35480773,20645086,A,T,1
1,rs55867570,207286381,A,C,1
1,rs12748250,209796329,T,A,1
1,rs201357087,21051058,T,C,1
1,rs35976699,213147400,A,G,1
1,rs340874,214159256,T,C,1
1,rs5030752,220156704,C,T,1
1,rs2738755,221057646,C,T,1
1,rs61740543,222721160,C,T,1
1,rs2936053,222802006,G,A,1
1,rs80021570,222832102,A,C,1
1,rs41305733,225586971,A,T,1
1,rs12097311,226924241,A,C,1
1,rs6696981,22702858,T,G,1
1,rs41305731,228432264,T,A,1
1,rs2274067,231376806,G,C,1
1,rs2437150,231488524,T,C,1
1,rs147489278,235577753,T,C,1
1,rs16833154,236201529,T,C,1
1,rs116166233,236738169,T,A,1
1,rs114788023,23842860,T,C,1
1,rs16839102,240072043,C,T,1
1,rs144492228,24125380,G,A,1
1,rs117805097,24710465,T,C,1
1,rs115796168,247737493,A,C,1
1,rs141088082,247835857,A,C,1
1,rs75170791,247921174,G,A,1
1,rs11204538,248046272,C,T,1
1,rs12139390,248059476,C,A,1
1,rs75075607,26073242,G,A,1
1,rs149949619,26764735,G,A,1
1,rs9508,28564279,G,A,1
1,rs60891833,29520542,C,T,1
1,rs145751680,35250613,G,A,1
1,rs41266431,35260202,G,A,1
1,rs75770915,39799912,C,T,1
1,rs1746842,39878815,A,G,1
1,rs587404,39908506,G,A,1
1,rs79374109,40312903,T,C,1
1,rs150232367,40960827,A,T,1
1,rs145728425,42046372,G,A,1
1,rs2071499,42630364,A,G,1
1,rs143675241,45252294,T,A,1
1,rs140905537,46034894,T,G,1
1,rs11211199,46287869,T,C,1
1,rs1707336,46493460,T,G,1
1,rs1622208,46498375,A,G,1
1,rs785467,46521559,A,T,1
1,rs13376679,47726087,T,C,1
1,rs480299,53320274,T,G,1
1,rs140103685,54387395,C,T,1
1,rs41294808,55050353,G,A,1
1,rs2304303,55064980,A,G,1
1,rs137923187,55077377,G,A,1
1,rs472913,61095558,G,C,1
1,rs3762321,62253483,A,G,1
1,rs11207933,62676091,C,A,1
1,rs111413521,62739226,C,T,1
1,rs186636583,65142603,A,G,1
1,rs1137101,66058513,G,A,1
1,rs142111920,67558858,T,C,1
1,rs76575803,67635211,A,G,1
1,rs61752901,68904742,G,T,1
1,rs141616590,70646822,T,C,1
1,rs145905225,75038624,T,C,1
1,rs1983853,85311192,C,T,1
1,rs146406791,85412722,C,T,1
1,rs142378035,87185250,A,G,1
1,rs2171584,92241776,A,G,1
1,rs6604026,93303603,C,T,1
1,rs61749440,94514477,A,G,1
1,rs200719724,94564376,C,T,1
2,rs13012765,101498174,T,C,1
2,rs61731274,103136350,T,C,1
2,rs33958626,110959026,G,T,1
2,rs79700824,111886246,G,A,1
2,rs6734238,113841030,A,G,1
2,rs117870995,113950108,C,T,1
2,rs76718398,11720886,G,A,1
2,rs138559537,120069241,G,T,1
2,rs28930677,120848049,T,C,1
2,rs2030746,121309488,C,T,1
2,rs142775128,121742222,C,T,1
2,rs3738880,121746956,T,G,1
2,rs12711538,121747406,A,G,1
2,rs1437898,133746630,A,C,1
2,rs148183644,135119909,T,C,1
2,rs181857322,135616876,T,C,1
2,rs140022497,135745304,A,G,1
2,rs7570971,135837906,C,A,1
2,rs6721694,135965002,G,A,1
2,rs61732190,135988224,T,C,1
2,rs201616507,136262011,A,G,1
2,rs12477181,143508243,T,G,1
2,rs112581563,145156613,A,G,1
2,rs2381683,145739556,A,G,1
2,rs1046668,152226570,G,A,1
2,rs189416564,153405580,C,G,1
2,rs7586898,15961599,C,G,1
2,rs35667974,163124637,C,T,1
2,rs12328675,165540800,T,C,1
2,rs7607980,165551201,T,C,1
2,rs144991135,165557105,A,G,1
2,rs138726309,169763262,C,T,1
2,rs78617573,169938171,T,C,1
2,rs34236931,171323175,C,T,1
2,rs847194,176958701,C,A,1
2,rs2592394,176991779,G,A,1
2,rs115591812,17954397,A,G,1
2,rs72648907,179612383,T,C,1
2,rs34883828,179770175,A,C,1
2,rs115556450,185798445,G,A,1
2,rs1157910,190323530,G,A,1
2,rs149142084,191364828,T,C,1
2,rs2241685,1925993,C,T,1
2,rs146788086,196852767,T,C,1
2,rs13424615,202010101,C,A,1
2,rs13022344,202264156,C,T,1
2,rs79652942,207636977,G,A,1
2,rs999890,209190632,T,G,1
2,rs1429148,216923679,C,T,1
2,rs918949,218674697,T,C,1
2,rs2571445,218683154,G,A,1
2,rs73990423,219204854,G,A,1
2,rs3770213,219508372,A,T,1
2,rs3770214,219508988,C,T,1
2,rs2230115,219509618,A,C,1
2,rs1344642,219555262,G,A,1
2,rs1863704,219562675,G,A,1
2,rs147792143,219566622,T,C,1
2,rs148520793,224462382,T,C,1
2,rs41309088,231077683,C,T,1
2,rs4972945,231149097,T,C,1
2,rs150046934,234231636,A,G,1
2,rs28902201,234890432,G,A,1
2,rs114947882,235962452,A,G,1
2,rs140017366,238434379,G,A,1
2,rs34311889,238483751,T,C,1
2,rs138469421,239237846,A,G,1
2,rs1131375,27323385,T,C,1
2,rs1260326,27730940,C,T,1
2,rs780094,27741237,C,T,1
2,rs780093,27742603,C,T,1
2,rs1919127,27801493,T,C,1
2,rs1919128,27801759,A,G,1
2,rs143611070,27802453,G,A,1
2,rs13022873,27815510,A,C,1
2,rs3749147,27851918,G,A,1
2,rs12104449,27972833,A,G,1
2,rs3792252,27995931,G,A,1
2,rs72863353,28805314,A,G,1
2,rs6737027,29070805,C,T,1
2,rs73920374,29092920,A,G,1
2,rs60403047,29256374,T,C,1
2,rs7577483,29274730,T,G,1
2,rs145285650,32460624,A,G,1
2,rs142857073,33487861,A,G,1
2,rs61754247,33505202,A,G,1
2,rs6732426,43587504,C,T,1
2,rs33979934,43625184,T,A,1
2,rs2288709,44004010,T,C,1
2,rs140374206,44040347,T,C,1
2,rs6756629,44065090,A,G,1
2,rs11887534,44066247,C,G,1
2,rs41360247,44073656,C,T,1
2,rs4953023,44074000,A,G,1
2,rs139310305,44513193,C,G,1
2,rs10495928,46353166,A,G,1
2,rs10168349,46360907,G,C,1
2,rs34077350,46372327,T,C,1
2,rs76351433,47022543,A,C,1
2,rs17217716,47630353,C,T,1
2,rs17039212,49955497,C,A,1
2,rs72811482,61483548,T,A,1
2,rs192196713,63719991,T,C,1
2,rs182219558,7035912,C,T,1
2,rs3813227,73651967,T,C,1
2,rs6546838,73679280,G,A,1
2,rs2056486,73717567,T,G,1
2,rs6546847,73785358,G,A,1
2,rs140012562,74717554,G,A,1
2,rs121908823,96920712,C,T,1
2,rs72937663,96935044,G,A,1
2,rs149366039,98543945,C,T,1
3,rs143826267,100365491,A,G,1
3,rs35151705,101060536,A,G,1
3,rs2075352,10311939,C,T,1
3,rs141861595,108278871,C,T,1
3,rs80263895,111775885,C,T,1
3,rs16859132,111780741,C,T,1
3,rs143658116,112262921,T,G,1
3,rs74444076,113331039,T,C,1
3,rs148898242,118865730,A,G,1
3,rs139982859,121206620,G,A,1
3,rs11926958,121527826,A,G,1
3,rs2049330,121633904,G,A,1
3,rs2257212,121643804,C,T,1
3,rs1143671,121647286,C,T,1
3,rs115391654,122331994,T,C,1
3,rs2650951,122368347,C,T,1
3,rs17036101,12277845,G,A,1
3,rs13081389,12289800,A,G,1
3,rs2877716,123094451,T,C,1
3,rs9883204,123096820,T,C,1
3,rs1801282,12393125,C,G,1
3,rs2276724,125854409,T,C,1
3,rs2886059,125865766,C,A,1
3,rs145753263,128695828,G,A,1
3,rs6439167,129050756,C,T,1
3,rs200963433,130289976,T,C,1
3,rs17404153,132163200,G,T,1
3,rs79953286,132226100,A,G,1
3,rs41272321,132338346,T,G,1
3,rs35316983,134322877,G,A,1
3,rs201733567,141644439,A,G,1
3,rs4685076,14174427,A,T,1
3,rs2340917,14175262,T,C,1
3,rs2229032,142178144,C,T,1
3,rs294636,14899778,G,T,1
3,rs114975613,151154781,A,G,1
3,rs116459865,15297787,T,C,1
3,rs147564881,154836554,G,C,1
3,rs3804769,155571275,T,C,1
3,rs6774494,169082633,A,G,1
3,rs756644,169084827,A,C,1
3,rs180829030,169710839,T,G,1
3,rs73181210,169831268,T,C,1
3,rs146493095,170150360,G,A,1
3,rs28932173,17051450,A,C,1
3,rs190372148,178916753,G,A,1
3,rs74891936,182586930,A,G,1
3,rs6443930,183754294,G,C,1
3,rs35794435,184090333,T,C,1
3,rs115576657,185191071,C,G,1
3,rs2304456,186445052,G,T,1
3,rs3732477,194062519,T,C,1
3,rs61742170,194325055,A,G,1
3,rs1675953,194373832,C,T,1
3,rs148665137,197566233,A,C,1
3,rs114302168,21706469,G,T,1
3,rs9310709,23093574,T,C,1
3,rs11129280,27326097,G,T,1
3,rs10510594,27326451,A,G,1
3,rs191836311,33194757,C,T,1
3,rs9311077,34833364,G,T,1
3,rs144424576,38163900,T,C,1
3,rs147045101,39229142,T,C,1
3,rs9872121,46140002,A,G,1
3,rs60938611,46496854,G,A,1
3,rs139823108,46755773,A,G,1
3,rs140182352,46982510,T,C,1
3,rs71323392,48310055,T,C,1
3,rs143335989,48538699,C,T,1
3,rs138791004,48628920,T,C,1
3,rs74951356,49158763,T,C,1
3,rs11715915,49455330,C,T,1
3,rs34762726,49689210,G,A,1
3,rs9858542,49701983,G,A,1
3,rs3197999,49721532,G,A,1
3,rs143125010,51661749,C,T,1
3,rs61739896,52398697,C,T,1
3,rs141418214,52548768,T,C,1
3,rs2336725,53118739,T,C,1
3,rs35221142,53155720,C,T,1
3,rs56384862,58395863,A,G,1
3,rs34579268,58410554,C,T,1
3,rs146672127,69265476,G,C,1
3,rs6549236,69592507,C,T,1
3,rs186870577,73111900,C,A,1
3,rs146036715,77595544,G,A,1
3,rs10511089,84481068,G,T,1
3,rs150248841,9787497,A,G,1
4,rs13107325,103188709,T,C,1
4,rs4698861,103545487,A,G,1
4,rs145587263,10445441,C,T,1
4,rs145511221,108552883,G,A,1
4,rs150804811,113356306,A,G,1
4,rs1803183,122735142,G,A,1
4,rs1051881,122737965,C,G,1
4,rs34932724,122743681,C,T,1
4,rs1986655,125993502,G,A,1
4,rs17745676,13604182,T,C,1
4,rs17745712,13604418,G,C,1
4,rs2035820,13615174,G,A,1
4,rs7676591,136244789,A,C,1
4,rs142052143,141483481,A,G,1
4,rs1550057,142117424,A,G,1
4,rs36060598,147795903,C,T,1
4,rs34708681,151773173,T,C,1
4,rs6849055,163939622,G,A,1
4,rs144790307,170641176,C,T,1
4,rs2597791,17528463,G,A,1
4,rs4299631,182615625,T,C,1
4,rs142122035,185582954,T,C,1
4,rs114695684,189020260,C,T,1
4,rs12650562,23801187,C,T,1
4,rs2228158,3526642,T,C,1
4,rs28454778,494188,A,C,1
4,rs7697680,55245541,T,C,1
4,rs218237,55394172,C,T,1
4,rs172629,55407762,C,G,1
4,rs116522758,57173834,A,G,1
4,rs2279252,5800494,A,G,1
4,rs28605080,689743,A,G,1
4,rs59204906,7043778,C,G,1
4,rs2306949,71339723,A,G,1
4,rs1490470,71439354,A,G,1
4,rs113506649,71471985,C,A,1
4,rs146589550,7435887,G,C,1
4,rs61757197,76955947,A,T,1
4,rs7664889,77087704,G,T,1
4,rs9992101,77360431,A,G,1
4,rs17319721,77368847,A,G,1
4,rs13146355,77412140,A,G,1
4,rs4859683,77419073,T,C,1
4,rs17400095,78205171,A,G,1
4,rs16998073,81184341,T,A,1
4,rs191250421,87656767,T,G,1
4,rs28664715,87809025,C,T,1
4,rs340639,87924979,C,T,1
4,rs236985,88008782,A,G,1
4,rs442177,88030261,G,T,1
4,rs3755979,88058340,G,C,1
4,rs1130643,88412806,T,C,1
4,rs13133548,89740128,A,G,1
4,rs2869950,89742764,T,C,1
4,rs1450500,93479275,G,A,1
5,rs62370437,101575091,T,C,1
5,rs11956837,110454757,A,G,1
5,rs55738530,112769828,A,G,1
5,rs140357865,118485949,A,G,1
5,rs79460759,118513876,G,A,1
5,rs11205,118861713,A,G,1
5,rs61734324,121311051,A,G,1
5,rs1800449,121413208,C,T,1
5,rs6595356,121608963,T,C,1
5,rs17470137,122531347,G,A,1
5,rs79988174,125696118,G,C,1
5,rs181902283,126253720,A,G,1
5,rs1422450,128040308,C,T,1
5,rs3756293,130828298,C,A,1
5,rs77300588,131722826,A,G,1
5,rs148737665,134782722,A,T,1
5,rs34137563,134871280,C,T,1
5,rs217272,137486426,C,T,1
5,rs115776799,13786351,G,C,1
5,rs144983881,13817689,G,A,1
5,rs141810253,140803055,A,G,1
5,rs147712909,141035216,A,G,1
5,rs10058728,148904092,A,T,1
5,rs6579797,149998128,A,G,1
5,rs144848990,150886820,G,A,1
5,rs6892335,150923405,A,G,1
5,rs11739693,150947891,G,C,1
5,rs778821,152972201,T,C,1
5,rs10056252,154395470,A,G,1
5,rs969351,15567629,A,G,1
5,rs2279804,156479204,C,T,1
5,rs74414939,156590188,G,A,1
5,rs17595896,156671437,G,T,1
5,rs75485767,169805865,T,C,1
5,rs254893,171076227,A,G,1
5,rs146815907,31983263,A,T,1
5,rs146700717,34812039,G,C,1
5,rs116248955,35727783,C,T,1
5,rs143085376,35955968,T,G,1
5,rs138071153,39127844,C,A,1
5,rs270198,5141905,T,C,1
5,rs16875054,5209210,A,G,1
5,rs148407825,5464962,A,G,1
5,rs298084,58988846,C,A,1
5,rs200131786,66462494,C,A,1
5,rs13153166,71494931,A,C,1
5,rs148261939,71516795,C,G,1
5,rs10515148,71716928,C,G,1
5,rs185435,72348272,A,G,1
5,rs2270927,75591710,G,C,1
5,rs2431352,75923294,T,G,1
5,rs148909799,7900056,A,G,1
5,rs185458523,79041099,T,A,1
5,rs61749613,82815170,A,G,1
5,rs9293511,88416354,T,C,1
5,rs73175207,90006849,A,G,1
5,rs114137750,90016778,C,T,1
5,rs62000408,90085654,T,C,1
5,rs200153555,90103525,G,C,1
5,rs11555275,94756010,C,T,1
5,rs73152140,96253281,T,C,1
6,rs1159148,106967185,A,C,1
6,rs187366734,109787555,T,A,1
6,rs138462889,110536489,G,C,1
6,rs139282334,111912641,G,T,1
6,rs1050348,112493872,A,G,1
6,rs3756772,116325142,C,T,1
6,rs9388489,126698719,A,G,1
6,rs1361108,126767600,C,T,1
6,rs1490388,126835655,C,T,1
6,rs4549631,126966308,T,C,1
6,rs9491696,127452639,G,C,1
6,rs2745353,127452935,T,C,1
6,rs1892172,127476516,A,G,1
6,rs56035053,129762036,G,A,1
6,rs6569648,130349119,T,C,1
6,rs9388766,130354855,C,T,1
6,rs6899976,130358428,A,G,1
6,rs9388768,130374102,A,C,1
6,rs17061399,132891570,T,C,1
6,rs17061404,132891978,A,G,1
6,rs41286234,135239758,C,G,1
6,rs117966977,135358904,C,T,1
6,rs9376090,135411228,T,C,1
6,rs7776054,135418916,A,G,1
6,rs9373124,135423209,T,C,1
6,rs4895441,135426573,A,G,1
6,rs9376092,135427144,C,A,1
6,rs9402686,135427817,G,A,1
6,rs9494145,135432552,T,C,1
6,rs9483788,135435501,T,C,1
6,rs6569992,135452152,G,A,1
6,rs2327832,137973068,A,G,1
6,rs6920220,138006504,G,A,1
6,rs149553286,138413360,G,A,1
6,rs643381,139839423,C,A,1
6,rs74957938,144869844,G,A,1
6,rs6941421,15089151,T,C,1
6,rs34786733,157488190,G,A,1
6,rs34870395,157522223,A,T,1
6,rs8191840,160481727,T,C,1
6,rs2282143,160557643,C,T,1
6,rs384156,160745751,C,A,1
6,rs7770341,16168414,A,C,1
6,rs1042391,16290761,T,A,1
6,rs117097130,166574346,A,G,1
6,rs112810886,168439301,A,G,1
6,rs146845697,168465737,G,A,1
6,rs114867077,168475974,G,T,1
6,rs149289063,169637890,G,A,1
6,rs200330797,170151758,T,A,1
6,rs4712523,20657564,A,G,1
6,rs10946398,20661034,A,C,1
6,rs7754840,20661250,G,C,1
6,rs7756992,20679709,A,G,1
6,rs17419851,24749413,C,T,1
6,rs2274089,25488583,T,C,1
6,rs7766874,25589165,G,A,1
6,rs932316,25641200,C,T,1
6,rs116325082,25691352,G,A,1
6,rs112872432,25776875,T,G,1
6,rs11754288,25776949,G,A,1
6,rs1165196,25813150,A,G,1
6,rs17270561,25820439,A,C,1
6,rs17342717,25821770,T,C,1
6,rs1183201,25823444,T,A,1
6,rs1408272,25842951,G,T,1
6,rs56027330,25850845,T,C,1
6,rs1165205,25870542,A,T,1
6,rs34525648,25914853,G,A,1
6,rs61737163,25967144,G,A,1
6,rs12216125,25997458,T,C,1
6,rs16891235,26017542,T,C,1
6,rs34541321,26017617,G,A,1
6,rs2230653,26056604,G,A,1
6,rs1799945,26091179,G,C,1
6,rs1800730,26091185,T,A,1
6,rs1800562,26093141,A,G,1
6,rs198846,26107463,A,G,1
6,rs12206204,26116982,T,C,1
6,rs198823,26122933,G,T,1
6,rs41266821,26247198,G,A,1
6,rs11966360,26316982,A,G,1
6,rs2072803,26392515,G,C,1
6,rs41266839,26409890,G,C,1
6,rs13195509,26463660,G,A,1
6,rs13194984,26500563,T,G,1
6,rs13194491,27037080,T,C,1
6,rs41269259,27277521,T,G,1
6,rs41269261,27278179,T,G,1
6,rs61736094,27279021,G,C,1
6,rs61736098,27279805,T,G,1
6,rs61746402,27293107,A,G,1
6,rs61743950,27293114,A,T,1
6,rs200484,27775674,A,G,1
6,rs45509595,27840926,T,C,1
6,rs61742093,27879982,A,G,1
6,rs1150678,28142276,C,T,1
6,rs76542212,28198122,C,T,1
6,rs11965538,28239915,G,A,1
6,rs853678,28297313,T,A,1
6,rs3129157,29141743,A,G,1
6,rs3749971,29342775,G,A,1
6,rs442694,29356687,G,T,1
6,rs429479,29372323,A,G,1
6,rs2746150,29442701,C,T,1
6,rs3130858,29473501,C,A,1
6,rs9968,29501037,C,G,1
6,rs453658,29519848,A,G,1
6,rs362536,29526940,C,T,1
6,rs362513,29528318,A,G,1
6,rs2535260,29628883,G,C,1
6,rs3130253,29634012,A,G,1
6,rs9461544,29641295,C,T,1
6,rs2747454,29655113,A,G,1
6,rs1736926,29692562,A,G,1
6,rs1610613,29710963,T,C,1
6,rs733841,29717980,T,C,1
6,rs4713243,29720961,C,G,1
6,rs1737079,29724745,G,A,1
6,rs1625636,29732302,T,C,1
6,rs9258384,29753868,A,C,1
6,rs1633005,29764472,C,T,1
6,rs7741100,29768123,A,C,1
6,rs2734985,29818662,T,C,1
6,rs2517862,29821937,C,T,1
6,rs886398,29839268,T,C,1
6,rs2523809,29849619,T,G,1
6,rs2524005,29899677,G,A,1
6,rs9260934,29957982,A,G,1
6,rs9261136,29981427,C,T,1
6,rs3129012,29988642,G,A,1
6,rs3121593,30002793,G,C,1
6,rs259919,30025503,G,A,1
6,rs7770505,30028913,A,G,1
6,rs8321,30032522,A,C,1
6,rs9261285,30036083,A,C,1
6,rs9261290,30038647,T,C,1
6,rs1264709,30056476,A,T,1
6,rs9261387,30061361,T,C,1
6,rs6923832,30062058,A,G,1
6,rs916570,30066031,A,G,1
6,rs3132679,30075843,T,C,1
6,rs61737424,30126285,T,C,1
6,rs2157678,30128949,G,T,1
6,rs929157,30137209,G,A,1
6,rs2517613,30165662,G,A,1
6,rs2523720,30166886,C,T,1
6,rs885916,30202571,C,T,1
6,rs3130380,30279130,G,A,1
6,rs3094064,30296253,G,A,1
6,rs1012411,30332555,T,G,1
6,rs2057726,30335350,C,T,1
6,rs3129809,30335621,A,G,1
6,rs3129816,30341068,G,A,1
6,rs2844745,30343703,C,T,1
6,rs3132625,30347720,A,G,1
6,rs3130133,30350087,A,C,1
6,rs3130122,30352527,C,T,1
6,rs3130144,30358522,T,C,1
6,rs3094698,30361193,T,C,1
6,rs3130109,30362751,T,G,1
6,rs2213944,30652729,G,A,1
6,rs2517560,30680968,C,T,1
6,rs3094111,30788191,T,C,1
6,rs2844700,30912900,G,A,1
6,rs3871466,30983683,T,C,1
6,rs3869096,30984404,T,G,1
6,rs9262548,30996105,C,T,1
6,rs9468861,31000489,C,T,1
6,rs2517552,31007590,C,T,1
6,rs2517538,31013541,C,G,1
6,rs2844645,31015182,G,A,1
6,rs2517532,31018407,A,G,1
6,rs2517448,31062667,T,C,1
6,rs6457327,31074030,A,C,1
6,rs1265063,31077938,A,G,1
6,rs2233969,31080432,A,G,1
6,rs2270190,31080586,A,G,1
6,rs3130977,31081989,T,C,1
6,rs117951780,31084034,C,T,1
6,rs3094216,31084048,A,G,1
6,rs3095318,31088145,T,A,1
6,rs3130564,31101674,C,T,1
6,rs1265086,31109882,G,T,1
6,rs887466,31143511,A,G,1
6,rs3130467,31187075,C,T,1
6,rs6928399,31195218,T,C,1
6,rs2394895,31206979,T,C,1
6,rs3095250,31208340,C,T,1
6,rs3132496,31208610,G,T,1
6,rs3130688,31210216,C,T,1
6,rs3095254,31221668,C,G,1
6,rs7759127,31240988,T,G,1
6,rs6906846,31245736,A,G,1
6,rs2524050,31255541,T,C,1
6,rs2524044,31256753,T,G,1
6,rs2853925,31264922,A,G,1
6,rs364415,31273224,G,A,1
6,rs2442719,31320538,C,T,1
6,rs2596503,31320810,A,G,1
6,rs140069323,3137725,A,C,1
6,rs2071592,31515340,T,A,1
6,rs184070214,31526080,A,G,1
6,rs7762619,31531310,T,G,1
6,rs41273264,31600106,A,C,1
6,rs11538264,31603189,G,A,1
6,rs805284,31682029,G,A,1
6,rs407283,31692970,G,A,1
6,rs28381349,31709045,C,T,1
6,rs1802127,31729925,C,T,1
6,rs28399992,31732059,T,C,1
6,rs35196751,31760654,G,A,1
6,rs34712643,31829865,C,G,1
6,rs36221133,31912523,T,C,1
6,rs4151659,31918464,A,G,1
6,rs35985869,31927839,G,A,1
6,rs36038685,31929737,T,C,1
6,rs9267796,32023425,C,T,1
6,rs142409885,32032790,T,G,1
6,rs6910390,32041621,A,G,1
6,rs61995676,32052444,T,C,1
6,rs205000,32135878,G,C,1
6,rs2070600,32151443,C,T,1
6,rs204993,32155581,A,G,1
6,rs2022059,32156489,G,C,1
6,rs8192575,32166384,C,G,1
6,rs2071285,32180431,A,T,1
6,rs9267835,32180623,C,A,1
6,rs2854050,32185605,G,A,1
6,rs499691,32194339,T,C,1
6,rs1475961,32194609,G,A,1
6,rs549270,32205072,C,T,1
6,rs7775149,32301890,C,T,1
6,rs9272219,32602269,G,T,1
6,rs1129740,32609105,G,A,1
6,rs1071630,32609126,T,C,1
6,rs9273349,32625869,T,C,1
6,rs3134996,32636866,A,T,1
6,rs7765379,32680928,T,G,1
6,rs6918223,32722532,A,C,1
6,rs1480382,32740895,C,T,1
6,rs9276711,32757297,C,T,1
6,rs3948793,32759448,G,A,1
6,rs1049278,32939785,C,T,1
6,rs3097675,33053640,C,T,1
6,rs138867043,33694630,G,A,1
6,rs2239808,36446975,G,C,1
6,rs147592442,36762419,C,T,1
6,rs148473105,36995281,A,G,1
6,rs145115573,38704868,A,C,1
6,rs1042044,39041502,C,A,1
6,rs9471066,39283039,G,C,1
6,rs742493,40998167,C,T,1
6,rs2842643,41650736,T,C,1
6,rs61732354,42858524,C,T,1
6,rs188865897,42942646,T,C,1
6,rs3778492,43645833,G,A,1
6,rs943072,43795968,T,G,1
6,rs881858,43806609,A,G,1
6,rs9472138,43811762,C,T,1
6,rs943080,43826627,C,T,1
6,rs115889915,46988476,G,A,1
6,rs17851770,52357071,A,C,1
6,rs2234951,52617738,G,A,1
6,rs35497571,56485023,C,T,1
6,rs4710457,64694354,C,T,1
6,rs10447346,66318585,C,T,1
6,rs142610251,69665952,G,A,1
6,rs1334576,7211818,A,G,1
6,rs10004,7310259,G,A,1
6,rs111530469,76564921,G,A,1
6,rs41271565,83847326,C,G,1
6,rs878593,85795657,A,G,1
6,rs6909767,86228109,G,A,1
6,rs6910541,87969480,G,A,1
6,rs2307389,88318883,G,A,1
6,rs74540092,97676810,C,T,1
6,rs34316889,99374760,A,T,1
7,rs6465770,100014711,T,C,1
7,rs11768465,100198386,T,C,1
7,rs139178017,100225847,T,C,1
7,rs41303501,100226902,T,C,1
7,rs34242818,100230864,G,C,1
7,rs7385804,100235970,C,A,1
7,rs62483572,100319633,G,A,1
7,rs2075671,100345106,A,G,1
7,rs117406702,100346094,G,A,1
7,rs6942733,100350763,G,T,1
7,rs2293767,100361675,A,G,1
7,rs10953303,100365613,T,G,1
7,rs10247980,100366284,C,T,1
7,rs17147735,100367573,T,C,1
7,rs314298,100371114,C,T,1
7,rs542137,100373077,G,C,1
7,rs539445,100373367,C,G,1
7,rs314300,100374087,A,G,1
7,rs531503,100377082,C,T,1
7,rs314339,100391581,T,C,1
7,rs314344,100395003,G,C,1
7,rs314320,100431980,T,C,1
7,rs10229731,100675376,A,C,1
7,rs79046921,100683156,C,T,1
7,rs144403703,100692224,C,G,1
7,rs73168398,100695138,G,A,1
7,rs77167460,100731638,T,C,1
7,rs17157903,103628036,T,C,1
7,rs150584875,112424814,C,T,1
7,rs77456357,113517888,T,C,1
7,rs10243024,116346603,A,G,1
7,rs38855,116358044,A,G,1
7,rs185248756,117407169,T,C,1
7,rs12672205,123508328,A,G,1
7,rs34535978,12692250,G,C,1
7,rs62621812,127015083,G,A,1
7,rs61733109,127973408,T,C,1
7,rs11554671,127975953,G,C,1
7,rs113752302,128506470,C,T,1
7,rs117426901,128519849,C,T,1
7,rs11556924,129663496,C,T,1
7,rs1464890,129664312,T,C,1
7,rs190850344,129832545,A,T,1
7,rs11761888,130007381,C,T,1
7,rs968404,130022041,T,C,1
7,rs117700687,130146607,T,C,1
7,rs4078096,131358281,C,T,1
7,rs76794740,133868568,T,C,1
7,rs77841106,135082953,C,G,1
7,rs6950676,140856581,A,G,1
7,rs2233997,141478305,C,A,1
7,rs182442940,143701389,T,A,1
7,rs2040898,144321911,C,T,1
7,rs12531488,144892086,C,T,1
7,rs34185245,148950895,T,C,1
7,rs117425825,149981856,G,A,1
7,rs116285177,150028139,C,T,1
7,rs1049742,150554553,C,T,1
7,rs10244051,15063833,T,G,1
7,rs2191349,15064309,G,T,1
7,rs61652080,150737688,G,T,1
7,rs7805747,151407801,G,A,1
7,rs10224002,151415041,A,G,1
7,rs138845109,151874036,A,T,1
7,rs6459804,157510195,C,T,1
7,rs150548113,158672515,G,T,1
7,rs144509121,20193851,G,A,1
7,rs6963535,21628237,C,T,1
7,rs1320800,21991532,T,C,1
7,rs115568145,22985710,G,A,1
7,rs13243961,23240263,G,A,1
7,rs4722266,23794029,G,A,1
7,rs201791522,2565976,G,A,1
7,rs2391276,26385004,A,C,1
7,rs34625936,30702347,G,C,1
7,rs61745829,31862756,T,C,1
7,rs117322489,34118477,A,G,1
7,rs35436513,34818158,A,G,1
7,rs141074403,47925619,G,A,1
7,rs2307254,48016353,G,T,1
7,rs117022697,48311485,C,A,1
7,rs79809732,48321010,G,A,1
7,rs10215180,57238425,T,C,1
7,rs191839562,64453020,A,T,1
7,rs150658643,6474403,A,G,1
7,rs79379297,66774013,A,G,1
7,rs186086930,80141137,T,G,1
7,rs143264629,82785371,C,A,1
7,rs139963188,91694701,A,G,1
7,rs60838691,92764999,G,A,1
7,rs1801197,93055753,G,A,1
7,rs7811547,93423576,G,T,1
7,rs1859690,99227172,A,G,1
7,rs11550034,99669802,G,A,1
7,rs183621422,99999551,C,T,1
8,rs116746734,100861004,G,A,1
8,rs77073793,10555301,G,T,1
8,rs2343596,106593207,C,A,1
8,rs146465357,108296964,C,T,1
8,rs10093885,110448635,A,G,1
8,rs116863919,110457007,G,C,1
8,rs2293889,116599199,G,T,1
8,rs1364705,120224806,G,A,1
8,rs2303398,120233968,G,A,1
8,rs116603414,121238881,C,A,1
8,rs144633458,124142497,A,G,1
8,rs967851,126984970,G,T,1
8,rs7837688,128539360,T,G,1
8,rs3739308,12878982,T,C,1
8,rs2582454,137817574,C,T,1
8,rs138930361,139856350,C,T,1
8,rs113513807,144990784,G,A,1
8,rs35261863,144993931,C,G,1
8,rs149597313,145620661,A,C,1
8,rs4925856,145655903,A,G,1
8,rs184457832,17161921,A,T,1
8,rs138713013,17612526,T,C,1
8,rs896378,22262321,T,C,1
8,rs117289616,22460101,T,C,1
8,rs147372571,27145183,G,A,1
8,rs4149253,27396208,G,A,1
8,rs192542333,27918055,T,C,1
8,rs201878557,30701404,G,T,1
8,rs148956340,30703691,G,C,1
8,rs34477820,30916058,G,A,1
8,rs2439312,32412359,A,G,1
8,rs899979,39991573,T,G,1
8,rs4875310,4103130,A,G,1
8,rs34265667,41542093,A,G,1
8,rs34664882,41543675,A,G,1
8,rs61231575,42042646,A,G,1
8,rs626913,61548494,C,A,1
8,rs1057091,6500544,C,T,1
8,rs10808747,66677039,C,T,1
8,rs16933182,68074137,G,A,1
8,rs118016633,70744167,G,A,1
8,rs4738101,71676339,G,A,1
8,rs1805098,76468282,G,A,1
8,rs2922766,76565553,T,C,1
8,rs76767219,81426196,C,A,1
8,rs7018273,82004857,A,G,1
8,rs7829384,83724668,G,A,1
8,rs72688509,87229890,A,G,1
8,rs3735972,87588198,C,T,1
8,rs114743981,88298852,G,A,1
8,rs9987289,9183358,A,G,1
8,rs4841132,9183596,A,G,1
8,rs6601299,9184691,T,C,1
8,rs2126259,9185146,T,C,1
8,rs11782386,9201787,T,C,1
8,rs17847126,95272598,T,C,1
8,rs35262320,95272620,G,A,1
8,rs11996455,95853708,G,A,1
8,rs896854,95960511,T,C,1
8,rs149724220,99045344,T,C,1
9,rs35642150,101816873,A,G,1
9,rs61741732,106896799,A,G,1
9,rs77388092,107331973,C,A,1
9,rs7852858,107360910,G,A,1
9,rs147772174,107367368,T,G,1
9,rs142466437,111741679,T,C,1
9,rs34115159,113563231,G,A,1
9,rs3849120,114858776,T,C,1
9,rs41313331,116186544,A,G,1
9,rs41305473,116346118,G,A,1
9,rs138603268,116856644,A,G,1
9,rs2567707,116930100,G,A,1
9,rs34973417,116930880,T,C,1
9,rs7025486,124422403,G,A,1
9,rs111602091,125377126,C,T,1
9,rs55957445,125377540,T,C,1
9,rs1570580,127231774,G,C,1
9,rs61741956,127615858,C,A,1
9,rs114731914,127617931,G,A,1
9,rs115312374,130197428,C,T,1
9,rs142193455,130488607,A,G,1
9,rs7865146,130619637,C,T,1
9,rs145310298,131708952,G,A,1
9,rs138485391,132375810,C,G,1
9,rs1023000,132662786,T,C,1
9,rs142792732,135545540,C,T,1
9,rs35898523,136029645,G,T,1
9,rs2073924,136037742,A,G,1
9,rs8176749,136131188,T,C,1
9,rs8176746,136131322,T,G,1
9,rs8176741,136131461,A,G,1
9,rs7853989,136131592,C,G,1
9,rs8176720,136132873,C,T,1
9,rs687621,136137065,A,G,1
9,rs657152,136139265,C,A,1
9,rs514659,136142203,A,C,1
9,rs505922,136149229,T,C,1
9,rs651007,136153875,C,T,1
9,rs579459,136154168,T,C,1
9,rs635634,136155000,C,T,1
9,rs35316446,136199389,G,T,1
9,rs886090,136199503,A,G,1
9,rs141547732,136280025,A,G,1
9,rs4962153,136323754,G,A,1
9,rs141409671,136535856,A,G,1
9,rs113800964,138839644,G,A,1
9,rs12338076,139121740,C,A,1
9,rs3812561,139270876,G,A,1
9,rs145077934,139749788,T,C,1
9,rs9775264,140139757,G,A,1
9,rs821314,140468828,C,T,1
9,rs61735747,14776080,T,C,1
9,rs140144319,14824988,C,T,1
9,rs3739714,16435848,T,C,1
9,rs682632,27183463,A,C,1
9,rs201564009,2718857,C,G,1
9,rs186041778,2834107,C,G,1
9,rs216345,33799370,T,C,1
9,rs192269938,35754122,G,A,1
9,rs61738501,35957452,A,G,1
9,rs140966026,37711382,G,A,1
9,rs116920018,420579,A,G,1
9,rs77375493,5073770,T,G,1
9,rs3847262,6328947,C,T,1
9,rs7048937,71746253,A,G,1
9,rs2274924,77376647,T,C,1
9,rs1982151,86617265,G,A,1
9,rs61999324,91083288,G,A,1
9,rs10908907,92249584,G,A,1
9,rs4876951,92290874,A,G,1
9,rs55983376,94493330,G,C,1
9,rs138771936,95077688,T,C,1
9,rs2066480,99064296,T,C,1
9,rs78220385,99086450,A,G,1
9,rs61739197,99522706,A,G,1
10,rs2281636,101492403,T,G,1
10,rs4509693,102501571,T,C,1
10,rs7096169,104618695,A,G,1
10,rs7901695,114754088,T,C,1
10,rs4506565,114756041,A,T,1
10,rs7903146,114758349,C,T,1
10,rs77678145,115377290,C,T,1
10,rs868738,115381747,A,G,1
10,rs7913176,115644040,A,G,1
10,rs150690154,118386452,C,T,1
10,rs62640957,118401721,G,A,1
10,rs143978938,123353298,C,T,1
10,rs3781411,126715436,T,C,1
10,rs4394761,133514014,C,A,1
10,rs144989788,135084481,C,T,1
10,rs1541010,13755544,T,C,1
10,rs274312,25244392,C,T,1
10,rs72787346,26377331,T,C,1
10,rs139695329,27459303,A,G,1
10,rs79257157,3189807,G,A,1
10,rs7900894,32487505,T,C,1
10,rs1418538,33143396,A,G,1
10,rs1200875,37505192,C,T,1
10,rs2474570,38383757,C,T,1
10,rs6601764,3862542,T,C,1
10,rs149602031,44052728,C,T,1
10,rs11595588,44855740,T,C,1
10,rs147301625,49450322,G,A,1
10,rs1832007,5254847,G,A,1
10,rs17134592,5260682,G,C,1
10,rs62625030,60577396,G,A,1
10,rs10821951,63814914,G,A,1
10,rs7910455,64911911,A,C,1
10,rs182961172,69571359,A,G,1
10,rs73266500,70644115,C,A,1
10,rs906220,71060610,A,G,1
10,rs7072268,71099913,C,T,1
10,rs4746970,71906150,T,C,1
10,rs115135566,72291109,G,C,1
10,rs35947132,72360387,A,G,1
10,rs10762411,72710564,C,A,1
10,rs16928529,72982985,T,G,1
10,rs7098039,73888394,G,A,1
10,rs114537787,73973049,A,G,1
10,rs148736800,74034828,G,C,1
10,rs12256262,75037999,C,A,1
10,rs61737616,75050999,C,T,1
10,rs3088142,76854564,C,T,1
10,rs6480771,76861680,T,C,1
10,rs2657291,76926703,T,C,1
10,rs4979794,79566684,A,G,1
10,rs2296545,90342837,C,G,1
10,rs75768318,90356670,T,C,1
10,rs1062465,91497631,A,T,1
10,rs1886997,91498254,G,A,1
10,rs115570983,91522564,G,A,1
10,rs144517184,96121440,A,G,1
10,rs11188225,96954360,T,A,1
10,rs111687262,97786973,A,G,1
10,rs148612299,97983635,A,C,1
10,rs41291616,98084110,C,G,1
10,rs60731885,99395652,G,T,1
11,rs16907355,10019879,G,A,1
11,rs61753771,102482626,T,G,1
11,rs201901235,1025900,T,C,1
11,rs117706710,10508903,G,T,1
11,rs2513605,106318654,G,A,1
11,rs1800057,108143456,G,C,1
11,rs74911261,108357137,A,G,1
11,rs149622934,108536011,G,C,1
11,rs41444845,1093921,T,A,1
11,rs2303436,111896324,C,T,1
11,rs115348655,114453418,C,T,1
11,rs141832911,119025514,T,C,1
11,rs147942957,122805431,A,G,1
11,rs33999612,122805606,A,G,1
11,rs114655120,122830085,A,C,1
11,rs10893053,123480981,T,C,1
11,rs17759447,123848064,A,G,1
11,rs73025504,124252963,A,T,1
11,rs150117630,124766914,G,A,1
11,rs12224646,125708293,T,G,1
11,rs117319789,125763902,C,T,1
11,rs142919781,125864918,C,T,1
11,rs7926971,12698040,G,A,1
11,rs191108994,134241337,C,T,1
11,rs757081,17351683,C,G,1
11,rs61754646,18387342,G,A,1
11,rs146040369,18472663,A,C,1
11,rs16935599,18636481,T,C,1
11,rs56234898,18765648,A,G,1
11,rs140963860,18787394,G,C,1
11,rs3758805,20486063,C,G,1
11,rs116665491,213397,T,C,1
11,rs10770125,2169014,A,G,1
11,rs3020901,218906,T,C,1
11,rs190937193,22281220,T,G,1
11,rs2234278,2423913,A,C,1
11,rs138197888,2439033,T,G,1
11,rs739401,3036324,T,C,1
11,rs3925584,30760335,C,T,1
11,rs273592,30878849,T,C,1
11,rs6578323,3143609,G,A,1
11,rs11031420,31609964,C,T,1
11,rs2473928,34176262,C,T,1
11,rs286913,34655363,A,G,1
11,rs11607491,35226083,C,T,1
11,rs149302443,3716835,T,C,1
11,rs117739035,408174,G,T,1
11,rs114405390,419706,T,C,1
11,rs188379419,4388820,G,A,1
11,rs1876025,4615987,A,C,1
11,rs13448,46695414,C,T,1
11,rs146887508,4674562,G,A,1
11,rs151338032,47306049,T,C,1
11,rs2010519,47431728,A,G,1
11,rs143647867,48286164,C,T,1
11,rs2499953,5010905,A,G,1
11,rs74051326,5152957,T,C,1
11,rs11036212,5221825,G,A,1
11,rs114544023,5322249,C,G,1
11,rs7924754,5510575,A,T,1
11,rs2234454,5529192,T,C,1
11,rs59122940,55579291,A,G,1
11,rs149320763,556945,T,C,1
11,rs146899581,55761880,T,C,1
11,rs7130251,55979266,C,T,1
11,rs10838375,5602928,G,C,1
11,rs12272403,56143977,G,A,1
11,rs12364102,56949691,A,G,1
11,rs189301745,57070265,T,C,1
11,rs2234409,57321811,T,G,1
11,rs199862897,57479507,C,A,1
11,rs74051091,5758002,G,A,1
11,rs11229281,57971478,G,A,1
11,rs142759166,5862442,A,C,1
11,rs149443419,608593,A,G,1
11,rs142520723,61048663,G,A,1
11,rs102275,61557803,C,T,1
11,rs174546,61569830,T,C,1
11,rs174547,61570783,C,T,1
11,rs174550,61571478,C,T,1
11,rs174570,61597212,T,C,1
11,rs1535,61597972,G,A,1
11,rs174583,61609750,T,C,1
11,rs12281503,61897298,G,A,1
11,rs190537696,6190828,A,T,1
11,rs147119016,6261667,T,C,1
11,rs61746630,62985171,A,G,1
11,rs141199624,63066444,C,G,1
11,rs190379115,6341593,C,A,1
11,rs493573,64557054,T,C,1
11,rs11605196,6524072,A,C,1
11,rs11040934,6623112,C,G,1
11,rs2242663,66335308,C,T,1
11,rs7570,66610645,C,G,1
11,rs117368891,6661600,T,G,1
11,rs143498680,66811286,C,G,1
11,rs4375446,66910826,C,T,1
11,rs10896167,67065889,T,C,1
11,rs2276118,67288594,T,C,1
11,rs114528778,6816182,A,G,1
11,rs114783985,6867602,T,C,1
11,rs35342866,71724733,C,T,1
11,rs34335618,71727221,C,T,1
11,rs3741151,73020846,T,G,1
11,rs115268961,73516094,C,T,1
11,rs72984881,73850002,G,C,1
11,rs77341304,74559228,C,T,1
11,rs4633461,7712523,G,A,1
11,rs4519083,7712561,T,A,1
11,rs115318063,77937828,G,A,1
11,rs115742209,7949430,T,C,1
11,rs118001085,82895826,A,G,1
11,rs3751095,8435077,T,C,1
11,rs3751096,8435078,C,A,1
11,rs11234454,85579304,C,A,1
11,rs3794153,8751889,C,G,1
11,rs2742552,8876852,T,C,1
11,rs138059525,94533444,A,G,1
11,rs149371952,94801179,A,C,1
12,rs17034433,104124018,C,A,1
12,rs187427903,105501598,T,C,1
12,rs35305400,107372401,G,A,1
12,rs61739302,109181932,C,A,1
12,rs2214043,111264484,G,A,1
12,rs6489844,111385296,A,G,1
12,rs3184504,111884608,T,C,1
12,rs10774625,111910219,A,G,1
12,rs653178,112007756,C,T,1
12,rs11065987,112072424,G,A,1
12,rs34245489,112186274,T,C,1
12,rs2238151,112211833,T,C,1
12,rs7294902,112354531,T,C,1
12,rs3752630,112375990,A,C,1
12,rs12298022,112471090,G,T,1
12,rs17696736,112486818,G,A,1
12,rs4767364,112521448,G,A,1
12,rs73207615,112590640,G,A,1
12,rs1005902,112667675,T,G,1
12,rs11066301,112871372,G,A,1
12,rs233716,113039943,C,T,1
12,rs3803064,113173494,G,A,1
12,rs113019698,113306398,A,G,1
12,rs146468941,120597730,G,C,1
12,rs151139112,120760078,C,T,1
12,rs2464196,121435427,A,G,1
12,rs28360447,121600238,G,A,1
12,rs16950860,121605354,T,C,1
12,rs34996966,122734427,T,G,1
12,rs140826574,123034400,A,G,1
12,rs147793766,123687613,T,C,1
12,rs200400425,124349236,C,G,1
12,rs701097,125179253,A,G,1
12,rs4516060,125438516,C,T,1
12,rs4763305,13037300,T,C,1
12,rs149684834,132237880,A,G,1
12,rs61760237,132627365,A,G,1
12,rs12423664,133069894,A,G,1
12,rs73481453,133201327,T,A,1
12,rs138141071,133365755,G,A,1
12,rs187979330,13716759,T,C,1
12,rs111934716,15777287,A,G,1
12,rs10743347,20154110,A,G,1
12,rs2306180,21713402,C,T,1
12,rs1021672,24177550,T,G,1
12,rs35190376,33535395,G,C,1
12,rs188425418,34176952,G,T,1
12,rs527118,371410,T,C,1
12,rs11611647,4333919,T,C,1
12,rs2658973,45269640,C,T,1
12,rs137971738,46320876,A,C,1
12,rs7315731,46321514,A,T,1
12,rs11610206,47639526,T,C,1
12,rs35299693,48358203,G,A,1
12,rs34532073,4835936,T,C,1
12,rs1635553,48375568,A,G,1
12,rs3803183,48398080,A,T,1
12,rs11609399,48501161,A,T,1
12,rs2228500,48526712,G,A,1
12,rs75959434,48543237,C,T,1
12,rs75531856,48596546,T,C,1
12,rs17224674,48596579,T,C,1
12,rs17823193,48596890,A,G,1
12,rs17122812,48597053,A,G,1
12,rs2732441,48723324,G,C,1
12,rs1471997,48723595,G,A,1
12,rs2291483,48723784,C,T,1
12,rs2732481,48736985,G,T,1
12,rs2731073,48919556,G,A,1
12,rs80132640,49426460,G,A,1
12,rs147282399,49982264,T,C,1
12,rs1031477,50218644,T,C,1
12,rs7138803,50247468,A,G,1
12,rs6580741,50727706,G,C,1
12,rs7296291,50744119,A,G,1
12,rs12303082,50754563,G,T,1
12,rs10783486,52362786,G,A,1
12,rs7974426,52408888,C,G,1
12,rs2016266,53727955,A,G,1
12,rs10876432,53731891,A,G,1
12,rs115704643,54107929,C,T,1
12,rs79969168,55356517,G,A,1
12,rs145389824,55759420,G,A,1
12,rs1701704,56412487,T,G,1
12,rs11171739,56470625,T,C,1
12,rs2292239,56482180,G,T,1
12,rs113470661,57424918,A,G,1
12,rs1106766,57809456,T,C,1
12,rs2229357,57843711,A,G,1
12,rs8176345,58158558,C,T,1
12,rs35335161,6078424,A,T,1
12,rs11064437,6982162,T,C,1
12,rs36061201,7080124,G,T,1
12,rs77955281,77199150,G,A,1
12,rs142180330,77208936,A,T,1
12,rs10745488,77771135,T,C,1
12,rs6538405,78234093,G,A,1
12,rs142534143,8276536,C,T,1
12,rs13377999,84875392,G,A,1
12,rs138805264,95602872,G,C,1
13,rs185071949,114149937,C,T,1
13,rs140564566,25457410,C,T,1
13,rs17081389,25487001,C,G,1
13,rs117014540,25670676,G,A,1
13,rs7995033,25831888,T,C,1
13,rs74041526,28578209,C,G,1
13,rs147350400,31495834,A,C,1
13,rs61743161,32332484,G,A,1
13,rs9469,37583831,G,A,1
13,rs79277099,37598225,C,T,1
13,rs9532117,38363047,A,G,1
13,rs115455037,39420726,T,C,1
13,rs9548509,39430314,C,T,1
13,rs190136021,42442510,C,T,1
13,rs115858628,73482747,A,C,1
13,rs1926490,92667780,C,T,1
13,rs35573057,96705464,A,C,1
13,rs12853441,99377948,C,A,1
14,rs144513583,100615546,G,A,1
14,rs35097172,100792126,T,C,1
14,rs3783347,100839261,T,G,1
14,rs4983559,105277209,G,A,1
14,rs201328766,105420477,C,A,1
14,rs78154277,105614734,T,C,1
14,rs151012539,20389628,T,C,1
14,rs1130409,20925154,T,G,1
14,rs56214359,21204213,A,G,1
14,rs115891437,23236598,G,A,1
14,rs200974465,23745014,G,C,1
14,rs114378477,23816039,T,G,1
14,rs12436436,24381515,C,T,1
14,rs34354104,24707479,A,G,1
14,rs121918729,24731278,C,T,1
14,rs143381849,24775316,A,G,1
14,rs7142881,32093548,A,G,1
14,rs2275145,35242828,A,G,1
14,rs140958336,36094588,T,C,1
14,rs8016892,48473724,T,C,1
14,rs17122412,50799018,T,C,1
14,rs12881869,50923249,C,T,1
14,rs10140023,51188341,G,A,1
14,rs67490748,51411248,T,C,1
14,rs138581322,52478368,G,A,1
14,rs111460890,52505653,A,C,1
14,rs61747585,52508842,A,C,1
14,rs61743877,52949579,T,C,1
14,rs8010791,55643857,T,G,1
14,rs1268644,63780417,C,T,1
14,rs17881652,65406402,G,A,1
14,rs4466998,65475540,A,C,1
14,rs2302588,73404752,G,C,1
14,rs758109,73958375,C,T,1
14,rs8014577,73963383,C,T,1
14,rs139579994,74535660,G,A,1
14,rs2302858,76525675,A,G,1
14,rs45518831,89063102,T,C,1
14,rs138577384,92336725,G,A,1
14,rs139964603,94845890,T,C,1
14,rs11626701,94954368,A,G,1
14,rs56871159,95080786,G,A,1
14,rs149242330,95574253,T,C,1
15,rs72760587,100269635,C,G,1
15,rs185050696,101120837,T,C,1
15,rs78266472,26026249,C,T,1
15,rs12904093,26967770,C,T,1
15,rs12907310,31492357,T,C,1
15,rs11072170,33359370,C,T,1
15,rs41515347,39874396,T,G,1
15,rs58614880,40915952,G,C,1
15,rs140142469,41191163,G,A,1
15,rs1200345,41819716,T,C,1
15,rs17677991,42032383,G,C,1
15,rs147620917,42113067,C,A,1
15,rs11549015,42235316,T,C,1
15,rs2578652,42618531,A,T,1
15,rs2412710,42683787,G,A,1
15,rs187974547,42979226,G,C,1
15,rs3742970,43622265,C,A,1
15,rs2278857,43632549,T,C,1
15,rs3809482,43661802,T,C,1
15,rs2602141,43724646,T,G,1
15,rs689647,43762196,C,T,1
15,rs560191,43767774,G,C,1
15,rs1060939,43816917,G,A,1
15,rs55707100,43820717,C,T,1
15,rs8042868,43939642,C,T,1
15,rs12702,44093927,T,C,1
15,rs2929282,44245931,A,T,1
15,rs1044032,45968435,T,C,1
15,rs138588262,49254773,G,T,1
15,rs3743044,50773787,G,A,1
15,rs8042919,50878630,A,G,1
15,rs138555114,53908104,C,T,1
15,rs2303579,56152729,T,C,1
15,rs34017428,56683509,T,C,1
15,rs2043085,58680954,C,T,1
15,rs1532085,58683366,G,A,1
15,rs493258,58687880,C,T,1
15,rs920915,58688467,C,G,1
15,rs1800588,58723675,C,T,1
15,rs3743266,60781513,C,T,1
15,rs340029,60894965,C,T,1
15,rs3816988,63111739,C,T,1
15,rs80032429,63950849,C,A,1
15,rs142761824,65113692,G,T,1
15,rs191146484,65937980,T,C,1
15,rs6494537,66051345,C,T,1
15,rs143461663,66206090,T,C,1
15,rs35715390,66615115,G,C,1
15,rs117185005,67473790,T,C,1
15,rs448720,68198911,T,C,1
15,rs4777035,68605169,A,G,1
15,rs61729767,68631894,T,C,1
15,rs80028569,72143643,A,T,1
15,rs180889966,74489706,C,T,1
15,rs1378942,75077367,C,A,1
15,rs1394125,76158983,G,A,1
15,rs13180,78789488,T,C,1
15,rs938682,78896547,A,G,1
15,rs8042374,78908032,A,G,1
15,rs56015306,85382313,T,C,1
15,rs2290272,85447431,A,G,1
15,rs8027765,89169858,G,A,1
15,rs2882676,89400339,C,A,1
15,rs113994096,89868870,A,G,1
15,rs113994094,89873415,A,G,1
15,rs141918861,90170235,C,G,1
15,rs138410949,90174856,C,T,1
15,rs11631761,92301298,G,A,1
15,rs139646715,93557995,T,C,1
15,rs17733968,95678494,C,T,1
16,rs146373106,113092,A,G,1
16,rs201198575,11362979,G,C,1
16,rs3743590,11930337,C,A,1
16,rs34999527,11933743,C,A,1
16,rs61736411,1273424,T,C,1
16,rs199709074,12798612,C,T,1
16,rs139632459,15761274,G,A,1
16,rs114353102,1869124,A,G,1
16,rs114352351,1869987,C,T,1
16,rs13306603,20792321,C,G,1
16,rs147200211,20838700,T,C,1
16,rs8057454,21264441,G,T,1
16,rs45517319,2133701,G,A,1
16,rs11552287,2512504,A,G,1
16,rs9930821,26147454,T,G,1
16,rs117905412,27221733,A,G,1
16,rs144129267,2816686,T,C,1
16,rs40832,28508716,T,C,1
16,rs146665306,2980006,G,A,1
16,rs4077410,29998200,A,G,1
16,rs9928448,30072530,T,C,1
16,rs12921440,30408765,T,C,1
16,rs17855606,31142271,A,G,1
16,rs138409218,31503367,C,G,1
16,rs1231123,3293922,T,A,1
16,rs138530420,3406511,G,T,1
16,rs62000975,3406838,G,A,1
16,rs140382761,3586261,A,G,1
16,rs8044213,4135350,A,G,1
16,rs1062706,4487486,A,G,1
16,rs62625009,4606635,A,G,1
16,rs146760080,461483,C,G,1
16,rs77775459,48122456,C,T,1
16,rs60315991,48180260,T,C,1
16,rs77842446,5108570,A,C,1
16,rs10521222,51158710,C,T,1
16,rs3743771,53358439,G,A,1
16,rs79388287,53468630,C,A,1
16,rs4270172,55157679,G,A,1
16,rs17859943,55527073,T,C,1
16,rs12449157,67708897,G,A,1
16,rs8051587,67796315,C,A,1
16,rs2271293,67902070,A,G,1
16,rs8060686,67911517,C,T,1
16,rs16942887,67928042,A,G,1
16,rs1134760,67964203,C,T,1
16,rs3785100,67997920,C,T,1
16,rs255049,68013471,C,T,1
16,rs255052,68024995,A,G,1
16,rs9921412,71988106,T,C,1
16,rs35259348,72003952,C,G,1
16,rs2000999,72108093,A,G,1
16,rs35781168,72170408,A,C,1
16,rs147672861,72828867,C,T,1
16,rs2213978,72984595,A,C,1
16,rs200972392,74640577,A,T,1
16,rs77132945,74671866,A,G,1
16,rs34947321,76482086,G,C,1
16,rs3743503,81056441,T,G,1
16,rs145784865,81145976,C,T,1
16,rs28555129,83984776,C,A,1
16,rs4782321,88780175,G,A,1
16,rs8059048,88781040,G,A,1
16,rs185326407,88793155,C,T,1
16,rs13333358,88803124,C,T,1
16,rs837763,88853729,C,T,1
16,rs146771138,88932769,G,C,1
16,rs3743979,89180883,G,A,1
16,rs2270416,89261482,A,C,1
16,rs116317659,89289568,A,G,1
16,rs188760623,89293245,T,A,1
16,rs72819401,89293730,T,C,1
16,rs55974122,89294827,G,A,1
16,rs258322,89755903,G,A,1
16,rs146729342,89764485,G,A,1
16,rs191271054,89782976,C,T,1
16,rs17227424,89804624,C,G,1
16,rs12931267,89818732,C,G,1
16,rs1805007,89986117,C,T,1
17,rs115742228,10546313,A,G,1
17,rs150727776,10728581,G,A,1
17,rs16948978,13977679,T,C,1
17,rs34562254,16842991,G,A,1
17,rs4792801,16845467,T,C,1
17,rs7223406,17292491,G,A,1
17,rs12936587,17543722,G,A,1
17,rs143316414,18025137,C,G,1
17,rs140298639,18141783,G,A,1
17,rs2228100,19642952,C,G,1
17,rs203462,19812541,C,T,1
17,rs2108978,19861458,T,C,1
17,rs2703805,20107773,T,C,1
17,rs4640244,21284223,A,G,1
17,rs114310247,2203109,T,C,1
17,rs115624786,2233880,C,T,1
17,rs34552966,26731832,T,C,1
17,rs149423247,26823498,A,G,1
17,rs61755367,26881438,T,C,1
17,rs4499292,28417510,T,C,1
17,rs115609438,28512333,C,G,1
17,rs4300683,2995572,A,G,1
17,rs8066242,3446840,C,T,1
17,rs7211875,35771468,T,C,1
17,rs186687337,35836990,G,A,1
17,rs883544,37387413,A,G,1
17,rs11869286,37813856,G,C,1
17,rs1877031,37814080,G,A,1
17,rs35104165,38062503,T,C,1
17,rs140404080,3844399,A,G,1
17,rs116538651,38487598,C,G,1
17,rs16966138,38856297,G,A,1
17,rs72821893,38907448,C,T,1
17,rs149383040,39183295,C,T,1
17,rs145104718,40312348,T,C,1
17,rs118165424,41955315,G,A,1
17,rs377963,42158310,G,T,1
17,rs7218599,42248346,T,A,1
17,rs5036,42338945,C,T,1
17,rs144171786,43246901,G,A,1
17,rs11012,43513441,T,C,1
17,rs393152,43719143,G,A,1
17,rs9303521,43805194,T,G,1
17,rs62621252,43922942,C,T,1
17,rs62054815,43923266,A,G,1
17,rs12185233,43923654,C,G,1
17,rs12185268,43923683,G,A,1
17,rs12373123,43924073,C,T,1
17,rs12373139,43924130,A,G,1
17,rs12373142,43924200,G,C,1
17,rs62063786,44061023,A,G,1
17,rs62063787,44061036,C,T,1
17,rs17651549,44061278,T,C,1
17,rs10445337,44067400,C,T,1
17,rs62063857,44076665,G,A,1
17,rs8070723,44081064,G,A,1
17,rs34579536,44108906,G,A,1
17,rs7220988,44109474,G,A,1
17,rs34043286,44117119,G,A,1
17,rs199533,44828931,A,G,1
17,rs2074404,44865439,G,T,1
17,rs4968281,44950122,C,T,1
17,rs11538868,45904420,C,T,1
17,rs2084881,46357120,G,A,1
17,rs9303542,46411500,A,G,1
17,rs12939811,46607958,T,A,1
17,rs6504340,46617019,G,A,1
17,rs2229304,46629593,T,G,1
17,rs143197683,46675198,C,G,1
17,rs17854914,4721376,G,A,1
17,rs61730088,48148852,C,T,1
17,rs35777968,48734136,G,A,1
17,rs9897165,4936855,T,C,1
17,rs79657649,505105,T,C,1
17,rs142903376,56400343,A,G,1
17,rs34523089,56436109,T,C,1
17,rs3803752,56540267,C,T,1
17,rs17822735,56620167,C,T,1
17,rs34818467,56643109,A,G,1
17,rs1292067,57930646,G,T,1
17,rs1292053,57963537,A,G,1
17,rs1051424,58024324,A,G,1
17,rs61752325,58150587,A,C,1
17,rs8080784,59017025,T,C,1
17,rs8068952,59286644,C,G,1
17,rs9895661,59456589,C,T,1
17,rs8068318,59483766,C,T,1
17,rs757608,59497277,A,G,1
17,rs143179241,60767649,G,A,1
17,rs147985248,61615545,G,A,1
17,rs7209435,61712964,T,C,1
17,rs73370041,67012450,A,G,1
17,rs61732265,71231868,G,A,1
17,rs78349823,72851039,A,G,1
17,rs72842820,7329134,G,A,1
17,rs7213548,73916423,A,T,1
17,rs7218738,73919538,G,A,1
17,rs9901673,7484101,C,A,1
17,rs10852891,7490810,G,A,1
17,rs6259,7536527,G,A,1
17,rs1642763,7557419,G,A,1
17,rs2748427,76121864,G,A,1
17,rs16956936,7633692,C,T,1
17,rs150508501,76497380,C,T,1
17,rs113927997,7667342,G,A,1
17,rs57985356,7735063,G,T,1
17,rs61745181,7735934,A,G,1
17,rs8522,7760704,G,A,1
17,rs12453250,7761512,A,C,1
17,rs138616955,78162296,T,C,1
17,rs150028811,78210766,C,T,1
17,rs74455936,78280264,C,T,1
17,rs35332090,78337058,G,C,1
17,rs11650083,7847955,A,C,1
17,rs146149224,7919299,T,C,1
17,rs74548896,79203114,G,C,1
17,rs34379910,79612633,C,T,1
17,rs56058441,79668135,T,G,1
17,rs62079523,80352303,G,A,1
17,rs116625217,80363209,C,T,1
17,rs871841,8216468,C,T,1
17,rs79993581,8222870,T,C,1
17,rs12601097,8243661,A,G,1
17,rs12936935,8243785,G,A,1
17,rs74866427,8644924,A,C,1
17,rs139293791,8726792,C,T,1
17,rs34169260,959286,T,C,1
17,rs116015543,9631994,C,T,1
17,rs138811643,9674954,C,G,1
18,rs2542151,12779947,G,T,1
18,rs1893217,12809340,G,A,1
18,rs2847281,12821593,A,G,1
18,rs61739369,13087047,A,G,1
18,rs4468717,3457606,C,T,1
18,rs148544378,40323567,C,T,1
18,rs4130047,40678235,T,C,1
18,rs9955521,4083561,T,G,1
18,rs138896768,44560480,T,A,1
18,rs59409558,48447462,C,A,1
18,rs12968116,55322502,C,T,1
18,rs35623014,55322568,T,C,1
18,rs9950585,60625890,C,G,1
18,rs34811964,61390515,T,C,1
18,rs2706603,63751037,G,A,1
18,rs147728279,67794800,G,C,1
18,rs7228334,73500233,C,T,1
18,rs139451924,74592121,T,C,1
18,rs8086673,76792814,T,C,1
19,rs740495,1124835,G,A,1
19,rs73921601,12800597,T,C,1
19,rs3803892,14000170,C,T,1
19,rs2305775,14000870,T,C,1
19,rs2305777,14038791,C,T,1
19,rs73008811,15198441,T,G,1
19,rs73008812,15198606,T,C,1
19,rs16980312,15198751,C,T,1
19,rs202231700,16060587,C,T,1
19,rs2227376,17001203,C,T,1
19,rs141353536,17628127,A,G,1
19,rs12983721,17837512,A,G,1
19,rs10426883,19576204,A,G,1
19,rs7254995,20728777,C,A,1
19,rs12986413,2170954,T,A,1
19,rs12982744,2177193,G,C,1
19,rs141038366,2408448,A,G,1
19,rs867168,2833802,G,A,1
19,rs867169,2833864,A,G,1
19,rs35699176,2936535,A,G,1
19,rs12460876,33356891,T,C,1
19,rs8101881,33364628,T,C,1
19,rs4805834,33453659,C,T,1
19,rs73931123,35940752,A,G,1
19,rs2227278,36206050,C,A,1
19,rs34934920,38976655,C,T,1
19,rs200901520,39087076,A,G,1
19,rs117752516,39591829,G,T,1
19,rs77005739,40363916,C,T,1
19,rs2111544,40519935,C,T,1
19,rs1051303,41118056,G,A,1
19,rs8107014,41127465,T,C,1
19,rs55899516,41206297,G,A,1
19,rs61750953,41306650,C,T,1
19,rs3745936,42092815,A,T,1
19,rs34052647,42911769,A,G,1
19,rs8112263,43344686,T,C,1
19,rs1799782,44057574,A,G,1
19,rs4251946,44156378,A,G,1
19,rs199639812,44635948,A,G,1
19,rs186211688,44679167,G,A,1
19,rs13181,45854919,G,T,1
19,rs188360728,46319296,A,G,1
19,rs149291954,46996933,A,G,1
19,rs112661235,46998551,T,C,1
19,rs11083846,47207654,A,G,1
19,rs425105,47208481,T,C,1
19,rs3027961,47278859,G,C,1
19,rs2280401,50000009,G,A,1
19,rs150420714,50017538,C,G,1
19,rs10419198,50038017,T,C,1
19,rs2288920,50091798,T,G,1
19,rs151252460,50154190,G,A,1
19,rs182682442,50155970,G,A,1
19,rs56407496,50491735,C,T,1
19,rs76128611,50548467,T,C,1
19,rs200985326,50983901,A,G,1
19,rs150813228,53344852,T,A,1
19,rs114574191,53959068,T,A,1
19,rs140176890,54818721,G,A,1
19,rs731170,55176262,G,A,1
19,rs201475657,55824376,C,T,1
19,rs183675152,56056865,C,T,1
19,rs74369843,56188985,G,C,1
19,rs77370625,57839506,C,G,1
19,rs35270500,57839518,A,G,1
19,rs142851113,58058351,G,A,1
19,rs146430887,58578801,G,A,1
19,rs149994638,6183185,C,A,1
19,rs3745358,7675771,C,T,1
19,rs149126820,815719,G,A,1
19,rs150358404,9453160,T,C,1
20,rs6040067,10644614,C,T,1
20,rs1887320,10965998,A,G,1
20,rs6074148,1098486,T,C,1
20,rs140910098,1164424,C,T,1
20,rs61735059,1299014,A,T,1
20,rs41275406,1456970,C,T,1
20,rs11557577,18162481,G,C,1
20,rs41309927,18513350,A,G,1
20,rs2273526,18523002,G,C,1
20,rs746748,25282967,C,T,1
20,rs193013587,25667101,A,G,1
20,rs149841409,258970,C,T,1
20,rs2752930,26151507,T,G,1
20,rs75887545,31024013,C,G,1
20,rs183328639,31606510,A,G,1
20,rs11697151,31647696,G,T,1
20,rs114047864,32661434,A,G,1
20,rs1555322,33849179,A,G,1
20,rs75909303,33981906,G,C,1
20,rs61729988,34092213,G,A,1
20,rs2425068,34214723,T,C,1
20,rs17431878,34502107,G,A,1
20,rs2275807,35152722,G,A,1
20,rs45629036,36767850,A,G,1
20,rs114897412,4162837,G,T,1
20,rs41279272,42679955,A,G,1
20,rs1800961,43042364,T,C,1
20,rs61732239,43254263,T,C,1
20,rs2075960,43547677,T,G,1
20,rs117930972,43930036,C,A,1
20,rs148582228,46365621,T,C,1
20,rs35031530,55033420,C,T,1
20,rs35727707,56179808,T,C,1
20,rs144755899,58545197,C,A,1
20,rs141719480,58557999,T,C,1
20,rs116926921,5935832,A,G,1
20,rs58487183,5935875,G,A,1
20,rs57164938,61512080,C,A,1
20,rs2273073,6750882,T,G,1
21,rs2229742,16339172,G,C,1
21,rs1736135,16805220,T,C,1
21,rs1736020,16812552,C,A,1
21,rs1297265,16817051,A,G,1
21,rs2284472,32515535,C,T,1
21,rs78591294,33887315,T,C,1
21,rs16989521,33949151,T,C,1
21,rs199853806,33982286,A,C,1
21,rs113831133,37833983,A,G,1
21,rs61735126,38390419,A,G,1
21,rs2836823,40380249,T,C,1
21,rs78244022,41151203,A,G,1
21,rs3746891,43161357,T,C,1
21,rs61737067,45107766,A,G,1
21,rs200411422,45751772,T,C,1
21,rs61749002,46875586,G,C,1
21,rs150686304,47404304,A,G,1
21,rs11910483,47552449,A,C,1
22,rs112619670,17280778,C,T,1
22,rs35702540,17622001,T,C,1
22,rs5748449,19808769,T,C,1
22,rs116710238,19963271,G,T,1
22,rs9605067,20103263,T,G,1
22,rs148154857,20130955,T,C,1
22,rs140732562,21331171,T,C,1
22,rs142384571,21384374,A,T,1
22,rs143257161,24106506,A,G,1
22,rs9624395,24460593,C,A,1
22,rs12166151,24479193,G,C,1
22,rs113771741,25152618,C,T,1
22,rs36600,30337586,T,C,1
22,rs61737780,30415983,C,T,1
22,rs34150968,30489945,G,A,1
22,rs137859877,30660123,G,C,1
22,rs17738527,30888494,T,C,1
22,rs17738540,30888527,T,C,1
22,rs2235321,37462926,A,G,1
22,rs855791,37462936,G,A,1
22,rs5756506,37467392,C,G,1
22,rs4820268,37469591,A,G,1
22,rs2413450,37470224,C,T,1
22,rs2235324,37485724,C,T,1
22,rs2285178,38205989,C,T,1
22,rs9610875,38323507,T,G,1
22,rs738322,38569006,A,G,1
22,rs5757362,39306080,T,C,1
22,rs114704208,39440176,A,T,1
22,rs54211,39687484,A,G,1
22,rs2232088,39908419,T,C,1
22,rs1801311,42486723,A,G,1
22,rs76458556,43015795,T,C,1
22,rs13058467,43579049,C,T,1
22,rs738409,44324727,G,C,1
22,rs2281135,44332570,A,G,1
22,rs144730517,44340642,C,G,1
22,rs2294918,44342116,G,A,1
22,rs3761472,44368122,G,A,1
22,rs8418,44379838,G,A,1
22,rs1007863,44395451,C,T,1
22,rs55952751,46733831,A,G,1
